id,length (px),length (um)
0,3.8284271247461907,0.6508326112068524
1,23.72792206135784,4.033746750430833
2,12.828427124746186,2.180832611206852
3,8.242640687119286,1.4012489168102786
